source_file,block_index,block_start_line,token_index,candidate_class,visibility_policy,safe_to_hide,risk_note,reason,rule_code,unique_tokens,reading_distribution,suspect_witness_only,unique_count,max_levenshtein_distance,min_levenshtein_similarity,max_damerau_distance,min_damerau_similarity,max_graphic_levenshtein_distance,max_graphic_damerau_distance,min_graphic_similarity,graphic_keys,witness_1_1,witness_2_2,witness_3_3,witness_4_4,witness_5_5
scene1.txt,6,31,-1,whole_line_variant,visible,no,visible:do_not_hide,whole_line_variant_marker_or_lacuna,whole_line_variant_marker_or_lacuna," Madame qu’auez~vous~? Et quel mal si caché… |  Madame qu’avez~vous~? Et quel mal si caché…. |  Madame, qu’avez-vous~? & quel mal si caché… |  Madame, qu’avez-vous~? & quel trouble… |  Madame, qu’avez-vous~? Et quel mal si caché…"," Madame qu’auez~vous~? Et quel mal si caché…=[1] |  Madame qu’avez~vous~? Et quel mal si caché….=[5] |  Madame, qu’avez-vous~? & quel mal si caché…=[3] |  Madame, qu’avez-vous~? & quel trouble…=[4] |  Madame, qu’avez-vous~? Et quel mal si caché…=[2]",,5,,,,,,,,madamequauezuousetquelmalsicache | madamequauezuousquelmalsicache | madamequauezuousqueltrouble, Madame qu’auez~vous~? Et quel mal si caché…," Madame, qu’avez-vous~? Et quel mal si caché…"," Madame, qu’avez-vous~? & quel mal si caché…"," Madame, qu’avez-vous~? & quel trouble…", Madame qu’avez~vous~? Et quel mal si caché….
scene1.txt,8,43,-1,whole_line_variant,visible,no,visible:do_not_hide,whole_line_variant_marker_or_lacuna,whole_line_variant_marker_or_lacuna," Ah~! mon Fils, de quel sang estes vous-là taché~? |  Ah~! mon Fils, de quel sang revenez-vous taché~? |  ~~~~~~~~~~~~~~~~~~Ah~! mon Fils,"," Ah~! mon Fils, de quel sang estes vous-là taché~?=[1,5] |  Ah~! mon Fils, de quel sang revenez-vous taché~?=[2,3] |  ~~~~~~~~~~~~~~~~~~Ah~! mon Fils,=[4]",,3,,,,,,,,ahmonfils | ahmonfilsdequelsangestesuouslatache | ahmonfilsdequelsangreuenezuoustache," Ah~! mon Fils, de quel sang estes vous-là taché~?"," Ah~! mon Fils, de quel sang revenez-vous taché~?"," Ah~! mon Fils, de quel sang revenez-vous taché~?"," ~~~~~~~~~~~~~~~~~~Ah~! mon Fils,"," Ah~! mon Fils, de quel sang estes vous-là taché~?"
scene1.txt,9,49,-1,whole_line_variant,visible,no,visible:do_not_hide,whole_line_variant_marker_or_lacuna,whole_line_variant_marker_or_lacuna, (lacune) | Quelles traces de sang voi-je sur vos habits~?," (lacune)=[1,2,3,4] | Quelles traces de sang voi-je sur vos habits~?=[5]",,2,,,,,,,,lacune | quelestracesdesanguoiiesuruoshabis, (lacune), (lacune), (lacune), (lacune),Quelles traces de sang voi-je sur vos habits~?
scene1.txt,10,55,1,substantive,visible,no,visible:do_not_hide,low_similarity_or_real_rewriting,substantive_default,"Est-ce~de~vostre~Frere, | Est-ce~du~sang~d’un~Frere,","Est-ce~de~vostre~Frere,=[1,5] | Est-ce~du~sang~d’un~Frere,=[2,3,4]",,2,10,0.615,10,0.615,8,8,0.579,estcedeuostrefrere | estcedusangdunfrere,"Est-ce~de~vostre~Frere,","Est-ce~du~sang~d’un~Frere,","Est-ce~du~sang~d’un~Frere,","Est-ce~du~sang~d’un~Frere,","Est-ce~de~vostre~Frere,"
scene1.txt,13,73,-1,whole_line_variant,visible,no,visible:do_not_hide,whole_line_variant_marker_or_lacuna,whole_line_variant_marker_or_lacuna,"Dans son camp jusqu’icy Polinice arresté, | Polinice à mes yeux ne s’est point presenté,","Dans son camp jusqu’icy Polinice arresté,=[4] | Polinice à mes yeux ne s’est point presenté,=[1,2,3,5]",,2,,,,,,,,dansoncampiusquicipoliniceareste | poliniceamesieuxnesestpointpresente,"Polinice à mes yeux ne s’est point presenté,","Polinice à mes yeux ne s’est point presenté,","Polinice à mes yeux ne s’est point presenté,","Dans son camp jusqu’icy Polinice arresté,","Polinice à mes yeux ne s’est point presenté,"
scene1.txt,14,79,-1,whole_line_variant,visible,no,visible:do_not_hide,whole_line_variant_marker_or_lacuna,whole_line_variant_marker_or_lacuna,"Et l’on s’est peu battu d’un & d’autre costé, | Et l’on s’est peu battu d’un & d’autre costé. | Et l’on s’est peu battu d’vn & d’autre costé. | Pour combattre à mes yeux ne s’est point presenté.","Et l’on s’est peu battu d’un & d’autre costé,=[2,3] | Et l’on s’est peu battu d’un & d’autre costé.=[5] | Et l’on s’est peu battu d’vn & d’autre costé.=[1] | Pour combattre à mes yeux ne s’est point presenté.=[4]",,4,,,,,,,,etlonsestpeubatudundautrecoste | pourcombatreamesieuxnesestpointpresente,Et l’on s’est peu battu d’vn & d’autre costé.,"Et l’on s’est peu battu d’un & d’autre costé,","Et l’on s’est peu battu d’un & d’autre costé,",Pour combattre à mes yeux ne s’est point presenté.,Et l’on s’est peu battu d’un & d’autre costé.
scene1.txt,15,85,-1,whole_line_variant,visible,no,visible:do_not_hide,whole_line_variant_marker_or_lacuna,whole_line_variant_marker_or_lacuna,"Du Camp des Argiens une troupe hardie | Du Camp des Argiens une troupe hardie, | D’Argiens seulement une troupe hardie | Seulement quelques Grecs d’un insolent courage, | Seulement quelques Grecs d’vn insolent courage,","Du Camp des Argiens une troupe hardie=[3] | Du Camp des Argiens une troupe hardie,=[2] | D’Argiens seulement une troupe hardie=[4] | Seulement quelques Grecs d’un insolent courage,=[5] | Seulement quelques Grecs d’vn insolent courage,=[1]",,5,,,,,,,,dargienseulementunetroupehardie | ducampdesargiensunetroupehardie | seulementquelquesgrecsduninsolentcourage,"Seulement quelques Grecs d’vn insolent courage,","Du Camp des Argiens une troupe hardie,",Du Camp des Argiens une troupe hardie,D’Argiens seulement une troupe hardie,"Seulement quelques Grecs d’un insolent courage,"
scene1.txt,16,91,-1,whole_line_variant,visible,no,visible:do_not_hide,whole_line_variant_marker_or_lacuna,whole_line_variant_marker_or_lacuna,"M’a voulu de nos murs disputer la sortie. | M’ayant osé d’abord disputer le passage,","M’a voulu de nos murs disputer la sortie.=[2,3,4] | M’ayant osé d’abord disputer le passage,=[1,5]",,2,,,,,,,,maiantosedabordisputerlepasage | mauouludenosmursdisputerlasortie,"M’ayant osé d’abord disputer le passage,",M’a voulu de nos murs disputer la sortie.,M’a voulu de nos murs disputer la sortie.,M’a voulu de nos murs disputer la sortie.,"M’ayant osé d’abord disputer le passage,"
scene1.txt,20,115,-1,whole_line_variant,visible,no,visible:do_not_hide,whole_line_variant_marker_or_lacuna,whole_line_variant_marker_or_lacuna,"Mais pourquoi donc sortir avecque vostre armée~? | Mais pourquoy donc sortir auecque vostre Armée, | Mais pourquoy donc sortir auecque vostre armée~? | Mais pourquoy donc sortir avecque vostre Armée, | Mais que prétendiez vous~? & quelle ardeur soudaine","Mais pourquoi donc sortir avecque vostre armée~?=[3] | Mais pourquoy donc sortir auecque vostre Armée,=[1] | Mais pourquoy donc sortir auecque vostre armée~?=[2] | Mais pourquoy donc sortir avecque vostre Armée,=[5] | Mais que prétendiez vous~? & quelle ardeur soudaine=[4]",,5,,,,,,,,maispourquoidoncsortirauecqueuostrearmee | maisquepretendiezuousqueleardeursoudaine,"Mais pourquoy donc sortir auecque vostre Armée,",Mais pourquoy donc sortir auecque vostre armée~?,Mais pourquoi donc sortir avecque vostre armée~?,Mais que prétendiez vous~? & quelle ardeur soudaine,"Mais pourquoy donc sortir avecque vostre Armée,"
scene1.txt,21,121,-1,whole_line_variant,visible,no,visible:do_not_hide,whole_line_variant_marker_or_lacuna,whole_line_variant_marker_or_lacuna,Quel est ce mouuement qui m’a tant alarmée~? | Quel est ce mouvement qui m’a tant alarmée~? | Vous a fait tout à coup descendre dans la plaine~?,"Quel est ce mouuement qui m’a tant alarmée~?=[1] | Quel est ce mouvement qui m’a tant alarmée~?=[2,3,5] | Vous a fait tout à coup descendre dans la plaine~?=[4]",,3,,,,,,,,quelestcemouuementquimatantalarmee | uousafaitoutacoupdescendredanslaplaine,Quel est ce mouuement qui m’a tant alarmée~?,Quel est ce mouvement qui m’a tant alarmée~?,Quel est ce mouvement qui m’a tant alarmée~?,Vous a fait tout à coup descendre dans la plaine~?,Quel est ce mouvement qui m’a tant alarmée~?
scene1.txt,25,146,-1,whole_line_variant,visible,no,visible:do_not_hide,whole_line_variant_marker_or_lacuna,whole_line_variant_marker_or_lacuna," (lacune) |  Ie n’ay que trop languy derriere vne muraille, |  Je n’ay que trop langui derriere une muraille, |  Je n’ay que trop languy derriere une muraille,"," (lacune)=[4] |  Ie n’ay que trop languy derriere vne muraille,=[1] |  Je n’ay que trop langui derriere une muraille,=[2,3] |  Je n’ay que trop languy derriere une muraille,=[5]",,4,,,,,,,,ienaiquetroplanguideriereunemuraile | lacune," Ie n’ay que trop languy derriere vne muraille,"," Je n’ay que trop langui derriere une muraille,"," Je n’ay que trop langui derriere une muraille,", (lacune)," Je n’ay que trop languy derriere une muraille,"
scene1.txt,26,152,-1,whole_line_variant,visible,no,visible:do_not_hide,whole_line_variant_marker_or_lacuna,whole_line_variant_marker_or_lacuna," (lacune) |  Ie brûlois de me voir en vn champ de bataille, |  Je brûlois de me voir en un champ de bataille, |  Je brûlois de me voir en un champ de bataille."," (lacune)=[4] |  Ie brûlois de me voir en vn champ de bataille,=[1] |  Je brûlois de me voir en un champ de bataille,=[5] |  Je brûlois de me voir en un champ de bataille.=[2,3]",,4,,,,,,,,iebruloisdemeuoirenunchampdebataile | lacune," Ie brûlois de me voir en vn champ de bataille,", Je brûlois de me voir en un champ de bataille., Je brûlois de me voir en un champ de bataille., (lacune)," Je brûlois de me voir en un champ de bataille,"
scene1.txt,27,158,-1,whole_line_variant,visible,no,visible:do_not_hide,whole_line_variant_marker_or_lacuna,whole_line_variant_marker_or_lacuna," (lacune) |  Lors~que l’on peut paroistre au milieu des hazards,"," (lacune)=[4] |  Lors~que l’on peut paroistre au milieu des hazards,=[1,2,3,5]",,2,,,,,,,,lacune | lorsquelonpeutparoistreaumilieudeshazards," Lors~que l’on peut paroistre au milieu des hazards,"," Lors~que l’on peut paroistre au milieu des hazards,"," Lors~que l’on peut paroistre au milieu des hazards,", (lacune)," Lors~que l’on peut paroistre au milieu des hazards,"
scene1.txt,28,164,-1,whole_line_variant,visible,no,visible:do_not_hide,whole_line_variant_marker_or_lacuna,whole_line_variant_marker_or_lacuna, (lacune) |  Un grand cœur est honteux de garder des rempars. |  Un grand cœur est honteux de garder des remparts. |  Vn grand cœur est honteux de garder des remparts.," (lacune)=[4] |  Un grand cœur est honteux de garder des rempars.=[2,3] |  Un grand cœur est honteux de garder des remparts.=[5] |  Vn grand cœur est honteux de garder des remparts.=[1]",,4,,,,,,,,lacune | ungrandcoeuresthonteuxdegarderdesrempars, Vn grand cœur est honteux de garder des remparts., Un grand cœur est honteux de garder des rempars., Un grand cœur est honteux de garder des rempars., (lacune), Un grand cœur est honteux de garder des remparts.
scene1.txt,29,170,-1,whole_line_variant,visible,no,visible:do_not_hide,whole_line_variant_marker_or_lacuna,whole_line_variant_marker_or_lacuna, (lacune) |  I’estois las d’endurer que le fier Polinice |  J’estois las d’endurer que le fier Polinice," (lacune)=[4] |  I’estois las d’endurer que le fier Polinice=[1] |  J’estois las d’endurer que le fier Polinice=[2,3,5]",,3,,,,,,,,iestoislasdendurerquelefierpolinice | lacune, I’estois las d’endurer que le fier Polinice, J’estois las d’endurer que le fier Polinice, J’estois las d’endurer que le fier Polinice, (lacune), J’estois las d’endurer que le fier Polinice
scene1.txt,30,176,-1,whole_line_variant,visible,no,visible:do_not_hide,whole_line_variant_marker_or_lacuna,whole_line_variant_marker_or_lacuna," (lacune) |  Me reprochast tout haut cét indigne exercice,"," (lacune)=[4] |  Me reprochast tout haut cét indigne exercice,=[1,2,3,5]",,2,,,,,,,,lacune | mereprochastouthautcetindigneexercice," Me reprochast tout haut cét indigne exercice,"," Me reprochast tout haut cét indigne exercice,"," Me reprochast tout haut cét indigne exercice,", (lacune)," Me reprochast tout haut cét indigne exercice,"
scene1.txt,31,182,-1,whole_line_variant,visible,no,visible:do_not_hide,whole_line_variant_marker_or_lacuna,whole_line_variant_marker_or_lacuna," (lacune) |  Et criast aux Thebains, afin de les gagner, |  Et criast aux Thebains, afin de les gaigner,"," (lacune)=[4] |  Et criast aux Thebains, afin de les gagner,=[2,3] |  Et criast aux Thebains, afin de les gaigner,=[1,5]",,3,,,,,,,,etcriastauxthebainsafindelesgagner | lacune," Et criast aux Thebains, afin de les gaigner,"," Et criast aux Thebains, afin de les gagner,"," Et criast aux Thebains, afin de les gagner,", (lacune)," Et criast aux Thebains, afin de les gaigner,"
scene1.txt,32,188,-1,whole_line_variant,visible,no,visible:do_not_hide,whole_line_variant_marker_or_lacuna,whole_line_variant_marker_or_lacuna, (lacune) |  Que ie laissois aux fers ceux qui me font regner. |  Que je laissois aux fers ceux qui me font regner. |  Que je laissois perir ceux qui me font regner.," (lacune)=[4] |  Que ie laissois aux fers ceux qui me font regner.=[1,2] |  Que je laissois aux fers ceux qui me font regner.=[5] |  Que je laissois perir ceux qui me font regner.=[3]",,4,,,,,,,,lacune | queielaisoisauxfersceuxquimefontregner | queielaisoisperirceuxquimefontregner, Que ie laissois aux fers ceux qui me font regner., Que ie laissois aux fers ceux qui me font regner., Que je laissois perir ceux qui me font regner., (lacune), Que je laissois aux fers ceux qui me font regner.
scene1.txt,41,242,8,substantive,visible,no,visible:do_not_hide,low_similarity_or_real_rewriting,substantive_default,"camgagne, | campagne,","camgagne,=[2] | campagne,=[1,3,4,5]",,2,1,0.889,1,0.889,1,1,0.875,camgagne | campagne,"campagne,","camgagne,","campagne,","campagne,","campagne,"
scene1.txt,43,254,5,substantive,visible,no,visible:do_not_hide,low_similarity_or_real_rewriting,substantive_default,Grecs | fiers,"Grecs=[1,5] | fiers=[2,3,4]",,2,3,0.400,3,0.400,3,3,0.400,fiers | grecs,Grecs,fiers,fiers,fiers,Grecs
scene1.txt,43,254,6,mixed_minor_and_substantive,visible,no,visible:do_not_hide;contains_substantive_component,low_similarity_or_real_rewriting;punctuation_only,punctuation_only+substantive_default,"Alliez | Alliez, | orgüeilleux,","Alliez=[3,4] | Alliez,=[2] | orgüeilleux,=[1,5]",,3,10,0.167,10,0.167,7,7,0.300,alies | orgueileus,"orgüeilleux,","Alliez,",Alliez,Alliez,"orgüeilleux,"
scene1.txt,44,260,7,substantive,visible,no,visible:do_not_hide,short_token_protected,short_token_protected,mes | ses,"mes=[2,3,4] | ses=[1,5]",,2,1,0.667,1,0.667,1,1,0.667,mes | ses,ses,mes,mes,mes,ses
scene1.txt,44,260,8,substantive,visible,no,visible:do_not_hide,short_token_protected,short_token_protected,piez. | yeux.,"piez.=[2,3,4] | yeux.=[1,5]",,2,4,0.200,4,0.200,2,2,0.500,ieus | pies,yeux.,piez.,piez.,piez.,yeux.
scene1.txt,46,272,-1,whole_line_variant,visible,no,visible:do_not_hide,whole_line_variant_marker_or_lacuna,whole_line_variant_marker_or_lacuna," (lacune) |  Vous preserue le Ciel d’vne telle Victoire, |  Vous preserve le Ciel d’une telle Victoire, |  Vous preserve le Ciel d’une telle Victoire. |  Vous preserve le Ciel d’une telle victoire."," (lacune)=[4] |  Vous preserue le Ciel d’vne telle Victoire,=[1] |  Vous preserve le Ciel d’une telle Victoire,=[5] |  Vous preserve le Ciel d’une telle Victoire.=[2] |  Vous preserve le Ciel d’une telle victoire.=[3]",,5,,,,,,,,lacune | uouspreseruelecielduneteleuictoire," Vous preserue le Ciel d’vne telle Victoire,", Vous preserve le Ciel d’une telle Victoire., Vous preserve le Ciel d’une telle victoire., (lacune)," Vous preserve le Ciel d’une telle Victoire,"
scene1.txt,47,278,-1,whole_line_variant,visible,no,visible:do_not_hide,whole_line_variant_marker_or_lacuna,whole_line_variant_marker_or_lacuna," (lacune) | Thebes ne veut point voir une action si noire, | Thebes ne veut point voir vne action si noire,"," (lacune)=[4] | Thebes ne veut point voir une action si noire,=[2,3,5] | Thebes ne veut point voir vne action si noire,=[1]",,3,,,,,,,,lacune | thebesneueutpointuoiruneactionsinoire,"Thebes ne veut point voir vne action si noire,","Thebes ne veut point voir une action si noire,","Thebes ne veut point voir une action si noire,", (lacune),"Thebes ne veut point voir une action si noire,"
scene1.txt,48,284,-1,whole_line_variant,visible,no,visible:do_not_hide,whole_line_variant_marker_or_lacuna,whole_line_variant_marker_or_lacuna, (lacune) |  Laissez là son salut & n’y songez jamais~; |  Laissez-là son salut & n’y songez jamais~;," (lacune)=[4] |  Laissez là son salut & n’y songez jamais~;=[1,5] |  Laissez-là son salut & n’y songez jamais~;=[2,3]",,3,,,,,,,,lacune | laisezlasonsalutnisongeziamais, Laissez là son salut & n’y songez jamais~;, Laissez-là son salut & n’y songez jamais~;, Laissez-là son salut & n’y songez jamais~;, (lacune), Laissez là son salut & n’y songez jamais~;
scene1.txt,49,290,-1,whole_line_variant,visible,no,visible:do_not_hide,whole_line_variant_marker_or_lacuna,whole_line_variant_marker_or_lacuna, (lacune) |  La Guerre vaut bien mieux que cette affreuse Paix. |  La Guerre vaut bien-mieux que cette affreuse Paix.," (lacune)=[4] |  La Guerre vaut bien mieux que cette affreuse Paix.=[1,2,5] |  La Guerre vaut bien-mieux que cette affreuse Paix.=[3]",,3,,,,,,,,lacune | laguereuautbienmieuxqueceteafreusepais, La Guerre vaut bien mieux que cette affreuse Paix., La Guerre vaut bien mieux que cette affreuse Paix., La Guerre vaut bien-mieux que cette affreuse Paix., (lacune), La Guerre vaut bien mieux que cette affreuse Paix.
scene1.txt,50,296,-1,whole_line_variant,visible,no,visible:do_not_hide,whole_line_variant_marker_or_lacuna,whole_line_variant_marker_or_lacuna," (lacune) |  Dont le flambeau fatal desole cette terre. |  Dure-t’elle à iamais cette cruelle Guerre, |  Dure-t’elle à jamais cette cruelle Guerre,"," (lacune)=[3] |  Dont le flambeau fatal desole cette terre.=[4,5] |  Dure-t’elle à iamais cette cruelle Guerre,=[1] |  Dure-t’elle à jamais cette cruelle Guerre,=[2]",,4,,,,,,,,dontleflambeaufataldesolecetetere | dureteleaiamaiscetecrueleguere | lacune," Dure-t’elle à iamais cette cruelle Guerre,"," Dure-t’elle à jamais cette cruelle Guerre,", (lacune), Dont le flambeau fatal desole cette terre., Dont le flambeau fatal desole cette terre.
scene1.txt,51,302,-1,whole_line_variant,visible,no,visible:do_not_hide,whole_line_variant_marker_or_lacuna,whole_line_variant_marker_or_lacuna," (lacune) |  Plustost qu’un si grand crime en arreste le cours. |  Plustost qu’vn si grand crime en arreste le cours. |  Prolongez nos mal-heurs, augmentez-les tousiours, |  Prolongez nos mal-heurs, augmentez-les tousjours,"," (lacune)=[3] |  Plustost qu’un si grand crime en arreste le cours.=[5] |  Plustost qu’vn si grand crime en arreste le cours.=[4] |  Prolongez nos mal-heurs, augmentez-les tousiours,=[1] |  Prolongez nos mal-heurs, augmentez-les tousjours,=[2]",,5,,,,,,,,lacune | plustostquunsigrandcrimeenarestelecours | prolongeznosmalheursaugmentezlestouiours," Prolongez nos mal-heurs, augmentez-les tousiours,"," Prolongez nos mal-heurs, augmentez-les tousjours,", (lacune), Plustost qu’vn si grand crime en arreste le cours., Plustost qu’un si grand crime en arreste le cours.
scene1.txt,52,308,-1,whole_line_variant,visible,no,visible:do_not_hide,whole_line_variant_marker_or_lacuna,whole_line_variant_marker_or_lacuna," Vous pourriez d’un tel sang, ô Ciel~! souiller vos armes~? |  Vous-mesme d’un tel sang soüilleriez vous vos Armes~? |  Vous-mesme d’un tel sang soüilleriez-vous vos Armes~? |  Vous-mesme d’un tel sang, soüillerez-vous vos Armes~? |  Vous-mesme d’vn tel sang soüilleriez vous vos Armes~?"," Vous pourriez d’un tel sang, ô Ciel~! souiller vos armes~?=[4] |  Vous-mesme d’un tel sang soüilleriez vous vos Armes~?=[5] |  Vous-mesme d’un tel sang soüilleriez-vous vos Armes~?=[2] |  Vous-mesme d’un tel sang, soüillerez-vous vos Armes~?=[3] |  Vous-mesme d’vn tel sang soüilleriez vous vos Armes~?=[1]",,5,,,,,,,,uousmemeduntelsangsouilerezuousuosarmes | uousmemeduntelsangsouileriezuousuosarmes | uouspouriezduntelsangocielsouileruosarmes, Vous-mesme d’vn tel sang soüilleriez vous vos Armes~?, Vous-mesme d’un tel sang soüilleriez-vous vos Armes~?," Vous-mesme d’un tel sang, soüillerez-vous vos Armes~?"," Vous pourriez d’un tel sang, ô Ciel~! souiller vos armes~?", Vous-mesme d’un tel sang soüilleriez vous vos Armes~?
scene1.txt,58,344,-1,whole_line_variant,visible,no,visible:do_not_hide,whole_line_variant_marker_or_lacuna,whole_line_variant_marker_or_lacuna," Et de vostre couroux triomphant aujourd’huy |  Vous pouuez-vous montrer genereux tout a fait, |  Vous pouvez vous montrer genereux tout à fait, |  Vous pouvez-vous montrer genereux tout a fait, |  Vous pouvez-vous montrer genereux tout à fait,"," Et de vostre couroux triomphant aujourd’huy=[4] |  Vous pouuez-vous montrer genereux tout a fait,=[1] |  Vous pouvez vous montrer genereux tout à fait,=[3] |  Vous pouvez-vous montrer genereux tout a fait,=[5] |  Vous pouvez-vous montrer genereux tout à fait,=[2]",,5,,,,,,,,etdeuostrecourouxtriomphantauiourdhui | uouspouuezuousmontrergenereuxtoutafait," Vous pouuez-vous montrer genereux tout a fait,"," Vous pouvez-vous montrer genereux tout à fait,"," Vous pouvez vous montrer genereux tout à fait,", Et de vostre couroux triomphant aujourd’huy," Vous pouvez-vous montrer genereux tout a fait,"
scene1.txt,59,350,6,substantive,visible,no,visible:do_not_hide,short_token_protected,short_token_protected,avec | en,"avec=[4] | en=[1,2,3,5]",,2,3,0.250,3,0.250,3,3,0.250,auec | en,en,en,en,avec,en
scene1.txt,59,350,7,substantive,visible,no,visible:do_not_hide,short_token_protected,short_token_protected,effet. | luy.,"effet.=[1,2,3,5] | luy.=[4]",,2,5,0.167,5,0.167,4,4,0.000,efet | lui,effet.,effet.,effet.,luy.,effet.
scene1.txt,61,362,3,mixed_minor_and_substantive,visible,no,visible:do_not_hide;contains_substantive_component,historic_graphic_key_identity;low_similarity_or_real_rewriting,spacing_or_hyphen+y_i+substantive_default,lui~ceder | luy~ceder | partager,"lui~ceder=[2,3] | luy~ceder=[1,5] | partager=[4]",,3,7,0.222,7,0.222,6,6,0.250,luiceder | partager,luy~ceder,lui~ceder,lui~ceder,partager,luy~ceder
scene1.txt,62,368,-1,whole_line_variant,visible,no,visible:do_not_hide,whole_line_variant_marker_or_lacuna,whole_line_variant_marker_or_lacuna," Et ceder laschement ce que mon droit me donne~? |  Quand le sang, & le Peuple à la fois me la donne~?"," Et ceder laschement ce que mon droit me donne~?=[4] |  Quand le sang, & le Peuple à la fois me la donne~?=[1,2,3,5]",,2,,,,,,,,etcederlaschementcequemondroitmedone | quandlesanglepeuplealafoismeladone," Quand le sang, & le Peuple à la fois me la donne~?"," Quand le sang, & le Peuple à la fois me la donne~?"," Quand le sang, & le Peuple à la fois me la donne~?", Et ceder laschement ce que mon droit me donne~?," Quand le sang, & le Peuple à la fois me la donne~?"
scene1.txt,64,380,-1,whole_line_variant,visible,no,visible:do_not_hide,whole_line_variant_marker_or_lacuna,whole_line_variant_marker_or_lacuna," Vous le sçavez, mon Fils, la justice & le sang |  Vous sçauez bien, mon Fils, que le choix & le sang |  Vous sçavez bien, mon Fils, que le choix & le sang"," Vous le sçavez, mon Fils, la justice & le sang=[2,3,4] |  Vous sçauez bien, mon Fils, que le choix & le sang=[1] |  Vous sçavez bien, mon Fils, que le choix & le sang=[5]",,3,,,,,,,,uouscauezbienmonfilsquelechoixlesang | uouslescauezmonfilslaiusticelesang," Vous sçauez bien, mon Fils, que le choix & le sang"," Vous le sçavez, mon Fils, la justice & le sang"," Vous le sçavez, mon Fils, la justice & le sang"," Vous le sçavez, mon Fils, la justice & le sang"," Vous sçavez bien, mon Fils, que le choix & le sang"
scene1.txt,65,386,2,substantive,visible,no,visible:do_not_hide,low_similarity_or_real_rewriting,substantive_default,donne | donnent,"donne=[3] | donnent=[1,2,4,5]",,2,2,0.714,2,0.714,2,2,0.667,done | donent,donnent,donnent,donne,donnent,donnent
scene1.txt,69,410,-1,whole_line_variant,visible,no,visible:do_not_hide,whole_line_variant_marker_or_lacuna,whole_line_variant_marker_or_lacuna, Il voulut que tous deux vous en fussiez les Rois. |  Voulut que tour à tour vous fussiez tous deux Rois.," Il voulut que tous deux vous en fussiez les Rois.=[1,2,3,5] |  Voulut que tour à tour vous fussiez tous deux Rois.=[4]",,2,,,,,,,,iluoulutquetousdeuxuousenfusiezlesrois | uoulutquetouratouruousfusieztousdeuxrois, Il voulut que tous deux vous en fussiez les Rois., Il voulut que tous deux vous en fussiez les Rois., Il voulut que tous deux vous en fussiez les Rois., Voulut que tour à tour vous fussiez tous deux Rois., Il voulut que tous deux vous en fussiez les Rois.
scene1.txt,70,416,5,substantive,visible,no,visible:do_not_hide,low_similarity_or_real_rewriting,substantive_default,daignastes | voulustes,"daignastes=[4] | voulustes=[1,2,3,5]",,2,6,0.400,6,0.400,6,6,0.400,daignastes | uoulustes,voulustes,voulustes,voulustes,daignastes,voulustes
scene1.txt,75,446,-1,whole_line_variant,visible,no,visible:do_not_hide,whole_line_variant_marker_or_lacuna,whole_line_variant_marker_or_lacuna," (lacune) |  Il est vray, je promis, ce que voulut mon Pere,"," (lacune)=[2,3,4] |  Il est vray, je promis, ce que voulut mon Pere,=[1,5]",,2,,,,,,,,ilesturaiiepromiscequeuoulutmonpere | lacune," Il est vray, je promis, ce que voulut mon Pere,", (lacune), (lacune), (lacune)," Il est vray, je promis, ce que voulut mon Pere,"
scene1.txt,76,452,-1,whole_line_variant,visible,no,visible:do_not_hide,whole_line_variant_marker_or_lacuna,whole_line_variant_marker_or_lacuna, (lacune) |  Pour un Trosne est-il rien qu’on refuse de faire~? |  Pour vn Trosne est-il rien qu’on refuse de faire~?," (lacune)=[2,3,4] |  Pour un Trosne est-il rien qu’on refuse de faire~?=[5] |  Pour vn Trosne est-il rien qu’on refuse de faire~?=[1]",,3,,,,,,,,lacune | pouruntrosneestilrienquonrefusedefaire, Pour vn Trosne est-il rien qu’on refuse de faire~?, (lacune), (lacune), (lacune), Pour un Trosne est-il rien qu’on refuse de faire~?
scene1.txt,77,458,-1,whole_line_variant,visible,no,visible:do_not_hide,whole_line_variant_marker_or_lacuna,whole_line_variant_marker_or_lacuna," (lacune) |  On promet tout, Madame, afin d’y paruenir, |  On promet tout, Madame, afin d’y parvenir,"," (lacune)=[2,3,4] |  On promet tout, Madame, afin d’y paruenir,=[1] |  On promet tout, Madame, afin d’y parvenir,=[5]",,3,,,,,,,,lacune | onprometoutmadameafindiparuenir," On promet tout, Madame, afin d’y paruenir,", (lacune), (lacune), (lacune)," On promet tout, Madame, afin d’y parvenir,"
scene1.txt,78,464,-1,whole_line_variant,visible,no,visible:do_not_hide,whole_line_variant_marker_or_lacuna,whole_line_variant_marker_or_lacuna, (lacune) |  Mais on ne songe apres qu’à s’y bien maintenir.," (lacune)=[2,3,4] |  Mais on ne songe apres qu’à s’y bien maintenir.=[1,5]",,2,,,,,,,,lacune | maisonesongeapresquasibienmaintenir, Mais on ne songe apres qu’à s’y bien maintenir., (lacune), (lacune), (lacune), Mais on ne songe apres qu’à s’y bien maintenir.
scene1.txt,79,470,-1,whole_line_variant,visible,no,visible:do_not_hide,whole_line_variant_marker_or_lacuna,whole_line_variant_marker_or_lacuna," (lacune) |  I’estois alors sujet, & dans l’obeïssance, |  J’estois alors sujet, & dans l’obeïssance,"," (lacune)=[2,3,4] |  I’estois alors sujet, & dans l’obeïssance,=[1] |  J’estois alors sujet, & dans l’obeïssance,=[5]",,3,,,,,,,,iestoisalorsuietdanslobeisance | lacune," I’estois alors sujet, & dans l’obeïssance,", (lacune), (lacune), (lacune)," J’estois alors sujet, & dans l’obeïssance,"
scene1.txt,80,476,-1,whole_line_variant,visible,no,visible:do_not_hide,whole_line_variant_marker_or_lacuna,whole_line_variant_marker_or_lacuna, (lacune) |  Et je tiens aujourd’huy la supréme puissance :," (lacune)=[2,3,4] |  Et je tiens aujourd’huy la supréme puissance :=[1,5]",,2,,,,,,,,etietiensauiourdhuilasupremepuisance | lacune, Et je tiens aujourd’huy la supréme puissance :, (lacune), (lacune), (lacune), Et je tiens aujourd’huy la supréme puissance :
scene1.txt,81,482,-1,whole_line_variant,visible,no,visible:do_not_hide,whole_line_variant_marker_or_lacuna,whole_line_variant_marker_or_lacuna," (lacune) |  Ce que ie fis alors ne m’est plus vne Loy, |  Ce que je fis alors ne m’est plus une Loy,"," (lacune)=[2,3,4] |  Ce que ie fis alors ne m’est plus vne Loy,=[1] |  Ce que je fis alors ne m’est plus une Loy,=[5]",,3,,,,,,,,cequeiefisalorsnemestplusuneloi | lacune," Ce que ie fis alors ne m’est plus vne Loy,", (lacune), (lacune), (lacune)," Ce que je fis alors ne m’est plus une Loy,"
scene1.txt,82,488,-1,whole_line_variant,visible,no,visible:do_not_hide,whole_line_variant_marker_or_lacuna,whole_line_variant_marker_or_lacuna, (lacune) |  Le deuoir d’vn Sujet n’est pas celuy d’vn Roy. |  Le devoir d’un Sujet n’est pas celuy d’un Roy.," (lacune)=[2,3,4] |  Le deuoir d’vn Sujet n’est pas celuy d’vn Roy.=[1] |  Le devoir d’un Sujet n’est pas celuy d’un Roy.=[5]",,3,,,,,,,,lacune | ledeuoirdunsuietnestpasceluidunroi, Le deuoir d’vn Sujet n’est pas celuy d’vn Roy., (lacune), (lacune), (lacune), Le devoir d’un Sujet n’est pas celuy d’un Roy.
scene1.txt,83,494,-1,whole_line_variant,visible,no,visible:do_not_hide,whole_line_variant_marker_or_lacuna,whole_line_variant_marker_or_lacuna," (lacune) |  D’abord que sur sa teste il reçoit la Couronne,"," (lacune)=[2,3,4] |  D’abord que sur sa teste il reçoit la Couronne,=[1,5]",,2,,,,,,,,dabordquesursatesteilrecoitlacourone | lacune," D’abord que sur sa teste il reçoit la Couronne,", (lacune), (lacune), (lacune)," D’abord que sur sa teste il reçoit la Couronne,"
scene1.txt,84,500,-1,whole_line_variant,visible,no,visible:do_not_hide,whole_line_variant_marker_or_lacuna,whole_line_variant_marker_or_lacuna," (lacune) |  Un Roy sort à l’instant de sa propre personne, |  Vn Roy sort à l’instant de sa propre personne,"," (lacune)=[2,3,4] |  Un Roy sort à l’instant de sa propre personne,=[5] |  Vn Roy sort à l’instant de sa propre personne,=[1]",,3,,,,,,,,lacune | unroisortalinstantdesaproprepersone," Vn Roy sort à l’instant de sa propre personne,", (lacune), (lacune), (lacune)," Un Roy sort à l’instant de sa propre personne,"
scene1.txt,85,506,-1,whole_line_variant,visible,no,visible:do_not_hide,whole_line_variant_marker_or_lacuna,whole_line_variant_marker_or_lacuna," (lacune) |  L’interest du public doit deuenir le sien, |  L’interest du public doit devenir le sien,"," (lacune)=[2,3,4] |  L’interest du public doit deuenir le sien,=[1] |  L’interest du public doit devenir le sien,=[5]",,3,,,,,,,,lacune | linterestdupublicdoitdeuenirlesien," L’interest du public doit deuenir le sien,", (lacune), (lacune), (lacune)," L’interest du public doit devenir le sien,"
scene1.txt,86,512,-1,whole_line_variant,visible,no,visible:do_not_hide,whole_line_variant_marker_or_lacuna,whole_line_variant_marker_or_lacuna," (lacune) |  Il doit tout à l’Estat, & ne se doit plus rien."," (lacune)=[2,3,4] |  Il doit tout à l’Estat, & ne se doit plus rien.=[1,5]",,2,,,,,,,,ildoitoutalestatnesedoitplusrien | lacune," Il doit tout à l’Estat, & ne se doit plus rien.", (lacune), (lacune), (lacune)," Il doit tout à l’Estat, & ne se doit plus rien."
scene1.txt,88,524,-1,whole_line_variant,visible,no,visible:do_not_hide,whole_line_variant_marker_or_lacuna,whole_line_variant_marker_or_lacuna," (lacune) |  Au moins doit-il, mon Fils, quelque chose à sa gloire,"," (lacune)=[2,3,4] |  Au moins doit-il, mon Fils, quelque chose à sa gloire,=[1,5]",,2,,,,,,,,aumoinsdoitilmonfilsquelquechoseasagloire | lacune," Au moins doit-il, mon Fils, quelque chose à sa gloire,", (lacune), (lacune), (lacune)," Au moins doit-il, mon Fils, quelque chose à sa gloire,"
scene1.txt,89,530,-1,whole_line_variant,visible,no,visible:do_not_hide,whole_line_variant_marker_or_lacuna,whole_line_variant_marker_or_lacuna," (lacune) |  Dont le soin ne doit pas sortir de sa memoire,"," (lacune)=[2,3,4] |  Dont le soin ne doit pas sortir de sa memoire,=[1,5]",,2,,,,,,,,dontlesoinedoitpasortirdesamemoire | lacune," Dont le soin ne doit pas sortir de sa memoire,", (lacune), (lacune), (lacune)," Dont le soin ne doit pas sortir de sa memoire,"
scene1.txt,90,536,-1,whole_line_variant,visible,no,visible:do_not_hide,whole_line_variant_marker_or_lacuna,whole_line_variant_marker_or_lacuna," (lacune) |  Et quand ce nouueau rang l’affranchiroit des Lois, |  Et quand ce nouveau rang l’affranchiroit des Lois,"," (lacune)=[2,3,4] |  Et quand ce nouueau rang l’affranchiroit des Lois,=[1] |  Et quand ce nouveau rang l’affranchiroit des Lois,=[5]",,3,,,,,,,,etquandcenouueauranglafranchiroitdeslois | lacune," Et quand ce nouueau rang l’affranchiroit des Lois,", (lacune), (lacune), (lacune)," Et quand ce nouveau rang l’affranchiroit des Lois,"
scene1.txt,91,542,-1,whole_line_variant,visible,no,visible:do_not_hide,whole_line_variant_marker_or_lacuna,whole_line_variant_marker_or_lacuna, (lacune) |  Au moins doit il tenir sa parole à des Rois.," (lacune)=[2,3,4] |  Au moins doit il tenir sa parole à des Rois.=[1,5]",,2,,,,,,,,aumoinsdoitiltenirsaparoleadesrois | lacune, Au moins doit il tenir sa parole à des Rois., (lacune), (lacune), (lacune), Au moins doit il tenir sa parole à des Rois.
scene1.txt,93,554,-1,whole_line_variant,visible,no,visible:do_not_hide,whole_line_variant_marker_or_lacuna,whole_line_variant_marker_or_lacuna," Non, Madame, à l’Empire il ne doit plus prétendre. |  Non, Madame, à l’Empire il ne doit plus prétendre~: |  Polinice à ce titre auroit tort de pretendre,"," Non, Madame, à l’Empire il ne doit plus prétendre.=[2,3] |  Non, Madame, à l’Empire il ne doit plus prétendre~:=[4] |  Polinice à ce titre auroit tort de pretendre,=[1,5]",,3,,,,,,,,nonmadamealempireilnedoitpluspretendre | poliniceacetitreauroitortdepretendre," Polinice à ce titre auroit tort de pretendre,"," Non, Madame, à l’Empire il ne doit plus prétendre."," Non, Madame, à l’Empire il ne doit plus prétendre."," Non, Madame, à l’Empire il ne doit plus prétendre~:"," Polinice à ce titre auroit tort de pretendre,"
scene1.txt,94,560,1,mixed_minor_and_substantive,visible,no,visible:do_not_hide;contains_substantive_component,historic_graphic_key_identity;low_similarity_or_real_rewriting,double_consonant+spacing_or_hyphen+u_v+substantive_default,Thebes~sous~son~pouuoir | Thebes~sous~son~pouvoir | Thebes~à~cet~arrest,"Thebes~sous~son~pouuoir=[1] | Thebes~sous~son~pouvoir=[2,3,5] | Thebes~à~cet~arrest=[4]",,3,14,0.391,14,0.391,12,12,0.333,thebesacetarest | thebesousonpouuoir,Thebes~sous~son~pouuoir,Thebes~sous~son~pouvoir,Thebes~sous~son~pouvoir,Thebes~à~cet~arrest,Thebes~sous~son~pouvoir
scene1.txt,100,596,4,substantive,visible,no,visible:do_not_hide,low_similarity_or_real_rewriting,substantive_default,contre~elle | contr’-elle,"contre~elle=[2,3,4] | contr’-elle=[1,5]",,2,2,0.818,2,0.818,1,1,0.889,contreele | contrele,contr’-elle,contre~elle,contre~elle,contre~elle,contr’-elle
scene1.txt,109,650,7,mixed_minor_and_substantive,visible,no,visible:do_not_hide;contains_substantive_component,low_similarity_or_real_rewriting;punctuation_only,punctuation_only+substantive_default,"chaisnes, | chaisnes. | chaisnes~; | chaînes,","chaisnes,=[3] | chaisnes.=[2] | chaisnes~;=[1,5] | chaînes,=[4]",,4,4,0.600,4,0.600,1,1,0.875,chaines | chaisnes,chaisnes~;,chaisnes.,"chaisnes,","chaînes,",chaisnes~;
scene1.txt,121,723,6,substantive,visible,no,visible:do_not_hide,low_similarity_or_real_rewriting,substantive_default,respandre | répandre,"respandre=[1,5] | répandre=[2,3,4]",,2,2,0.778,2,0.778,1,1,0.889,repandre | respandre,respandre,répandre,répandre,répandre,respandre
scene1.txt,122,729,7,mixed_minor_and_substantive,visible,no,visible:do_not_hide;contains_substantive_component,accent_only;low_similarity_or_real_rewriting,accent+substantive_default,"soumettre, | sousmettre, | soûmettre,","soumettre,=[4] | sousmettre,=[1,5] | soûmettre,=[2,3]",,3,2,0.818,2,0.818,1,1,0.889,soumetre | sousmetre,"sousmettre,","soûmettre,","soûmettre,","soumettre,","sousmettre,"
scene1.txt,124,741,7,substantive,visible,no,visible:do_not_hide,low_similarity_or_real_rewriting,substantive_default,fascheux | fâcheux,"fascheux=[1,5] | fâcheux=[2,3,4]",,2,2,0.750,2,0.750,1,1,0.875,facheus | fascheus,fascheux,fâcheux,fâcheux,fâcheux,fascheux
scene1.txt,124,741,8,substantive,visible,no,visible:do_not_hide,low_similarity_or_real_rewriting,substantive_default,"concurrant, | concurrent,","concurrant,=[2,3] | concurrent,=[1,4,5]",,2,1,0.909,1,0.909,1,1,0.889,concurant | concurent,"concurrent,","concurrant,","concurrant,","concurrent,","concurrent,"
scene1.txt,136,814,7,substantive,visible,no,visible:do_not_hide,short_token_protected,short_token_protected,fond | fonds,"fond=[4] | fonds=[1,2,3,5]",,2,1,0.800,1,0.800,1,1,0.800,fond | fonds,fonds,fonds,fonds,fond,fonds
scene1.txt,149,892,8,mixed_minor_and_substantive,visible,no,visible:do_not_hide;contains_substantive_component,historic_graphic_key_identity;low_similarity_or_real_rewriting,substantive_default+u_v,treuuent | treuvent | trouvent,"treuuent=[1] | treuvent=[5] | trouvent=[2,3,4]",,3,2,0.750,2,0.750,1,1,0.875,treuuent | trouuent,treuuent,trouvent,trouvent,trouvent,treuvent
scene1.txt,151,904,2,substantive,visible,no,visible:do_not_hide,short_token_protected,short_token_protected,que | si,"que=[1,5] | si=[2,3,4]",,2,3,0.000,3,0.000,3,3,0.000,que | si,que,si,si,si,que
scene1.txt,151,904,5,substantive,visible,no,visible:do_not_hide,short_token_protected,short_token_protected,a | ait,"a=[2,3,4] | ait=[1,5]",,2,2,0.333,2,0.333,2,2,0.333,a | ait,ait,a,a,a,ait
scene1.txt,153,916,-1,whole_line_variant,visible,no,visible:do_not_hide,whole_line_variant_marker_or_lacuna,whole_line_variant_marker_or_lacuna," Accordez cette grace aux larmes d’une Mere. |  Accordez quelque tréve à ma douleur amere,"," Accordez cette grace aux larmes d’une Mere.=[4] |  Accordez quelque tréve à ma douleur amere,=[1,2,3,5]",,2,,,,,,,,acordezcetegraceauxlarmesdunemere | acordezquelquetreueamadouleuramere," Accordez quelque tréve à ma douleur amere,"," Accordez quelque tréve à ma douleur amere,"," Accordez quelque tréve à ma douleur amere,", Accordez cette grace aux larmes d’une Mere.," Accordez quelque tréve à ma douleur amere,"
scene1.txt,159,952,-1,whole_line_variant,visible,no,visible:do_not_hide,whole_line_variant_marker_or_lacuna,whole_line_variant_marker_or_lacuna, Dans cette occasion rien ne peut m’émouuoir. |  Dans cette occasion rien ne peut m’émouvoir. |  Par mes justes soupirs j’espere l’émouvoir.," Dans cette occasion rien ne peut m’émouuoir.=[1] |  Dans cette occasion rien ne peut m’émouvoir.=[2,3,5] |  Par mes justes soupirs j’espere l’émouvoir.=[4]",,3,,,,,,,,dansceteocasionrienepeutmemouuoir | parmesiustesoupirsiesperelemouuoir, Dans cette occasion rien ne peut m’émouuoir., Dans cette occasion rien ne peut m’émouvoir., Dans cette occasion rien ne peut m’émouvoir., Par mes justes soupirs j’espere l’émouvoir., Dans cette occasion rien ne peut m’émouvoir.
scene1.txt,161,965,7,mixed_minor_and_substantive,visible,no,visible:do_not_hide;contains_substantive_component,low_similarity_or_real_rewriting;punctuation_only,punctuation_only+substantive_default,bien~voir. | revoir. | revoir~;,"bien~voir.=[1,5] | revoir.=[2,3] | revoir~;=[4]",,3,6,0.400,6,0.400,3,3,0.625,bienuoir | reuoir,bien~voir.,revoir.,revoir.,revoir~;,bien~voir.
scene1.txt,166,995,1,mixed_minor_and_substantive,visible,no,visible:do_not_hide;contains_substantive_component,high_graphic_similarity:0.941;historic_graphic_key_identity;low_similarity_or_real_rewriting,i_j+punctuation_removed_for_graphic_key+spacing_or_hyphen+y_i+levenshtein_alert+substantive_default,"Ie~feray~plus~encore, | Je~ferai~plus~encore, | Je~feray~plus~encor, | Je~feray~plus~encore, | J’iray~plus~loin~encore,","Ie~feray~plus~encore,=[1] | Je~ferai~plus~encore,=[3] | Je~feray~plus~encor,=[2] | Je~feray~plus~encore,=[5] | J’iray~plus~loin~encore,=[4]",,5,10,0.583,10,0.583,8,8,0.579,ieferaiplusencor | ieferaiplusencore | iiraiplusloinencore,"Ie~feray~plus~encore,","Je~feray~plus~encor,","Je~ferai~plus~encore,","J’iray~plus~loin~encore,","Je~feray~plus~encore,"
scene1.txt,166,995,5,substantive,visible,no,visible:do_not_hide,low_similarity_or_real_rewriting,substantive_default,"connaistre, | connoistre,","connaistre,=[2,3,4] | connoistre,=[1,5]",,2,1,0.909,1,0.909,1,1,0.889,conaistre | conoistre,"connoistre,","connaistre,","connaistre,","connaistre,","connoistre,"
scene1.txt,170,1019,4,substantive,visible,no,visible:do_not_hide,low_similarity_or_real_rewriting,substantive_default,"le~veut, | y~consent,","le~veut,=[1,2,3,5] | y~consent,=[4]",,2,7,0.300,7,0.300,6,6,0.250,iconsent | leueut,"le~veut,","le~veut,","le~veut,","y~consent,","le~veut,"
scene1.txt,171,1025,5,mixed_minor_and_substantive,visible,no,visible:do_not_hide;contains_substantive_component,historic_graphic_key_identity;low_similarity_or_real_rewriting,double_consonant+y_i+substantive_default,aussi | aussy | enfin,"aussi=[1,5] | aussy=[2] | enfin=[3,4]",,3,5,0.000,5,0.000,4,4,0.200,ausi | enfin,aussi,aussy,enfin,enfin,aussi
scene2.txt,4,19,1,substantive,visible,no,visible:do_not_hide,short_token_protected,short_token_protected,(lacune) | au,"(lacune)=[2,3,4] | au=[1,5]",,2,6,0.250,6,0.250,4,4,0.333,au | lacune,au,(lacune),(lacune),(lacune),au
scene2.txt,4,19,2,substantive,visible,no,visible:do_not_hide,short_token_protected,short_token_protected,Roy. | [Ø],"Roy.=[1,5] | [Ø]=[2,3,4]",,2,4,0.000,4,0.000,3,3,0.000,roi | ø,Roy.,[Ø],[Ø],[Ø],Roy.
scene2.txt,18,103,8,substantive,visible,no,visible:do_not_hide,short_token_protected,short_token_protected,de | du,"de=[2,4] | du=[1,3,5]",,2,1,0.500,1,0.500,1,1,0.500,de | du,du,de,du,de,du
scene3.txt,8,43,-1,whole_line_variant,visible,no,visible:do_not_hide,whole_line_variant_marker_or_lacuna,whole_line_variant_marker_or_lacuna,"Allons, chere Antigone, & courons de ce pas, | Allons, chere Antigone, allons tout de ce pas,","Allons, chere Antigone, & courons de ce pas,=[4] | Allons, chere Antigone, allons tout de ce pas,=[1,2,3,5]",,2,,,,,,,,alonschereantigonealonstoutdecepas | alonschereantigonecouronsdecepas,"Allons, chere Antigone, allons tout de ce pas,","Allons, chere Antigone, allons tout de ce pas,","Allons, chere Antigone, allons tout de ce pas,","Allons, chere Antigone, & courons de ce pas,","Allons, chere Antigone, allons tout de ce pas,"
scene3.txt,13,73,1,mixed_minor_and_substantive,visible,no,visible:do_not_hide;contains_substantive_component,accent_only;low_similarity_or_real_rewriting,accent+substantive_default,Repandre | Respandre | Répandre,"Repandre=[2] | Respandre=[1,5] | Répandre=[3,4]",,3,2,0.778,2,0.778,1,1,0.889,repandre | respandre,Respandre,Repandre,Répandre,Répandre,Respandre
scene4.txt,41,241,1,mixed_minor_and_substantive,visible,no,visible:do_not_hide;contains_substantive_component,historic_graphic_key_identity;low_similarity_or_real_rewriting,accent+double_consonant+i_j+narrow_historic_lexical+spacing_or_hyphen+u_v+double_consonant+i_j+narrow_historic_lexical+spacing_or_hyphen+u_v+substantive_default,Par~un~ordre~souvent | Vous~les~verriez~tousiours | Vous~les~verriez~tousjours | Vous~les~verriez~toûjours,"Par~un~ordre~souvent=[4] | Vous~les~verriez~tousiours=[1] | Vous~les~verriez~tousjours=[5] | Vous~les~verriez~toûjours=[2,3]",,4,19,0.240,19,0.240,17,17,0.190,parunordresouuent | uouslesuerieztouiours,Vous~les~verriez~tousiours,Vous~les~verriez~toûjours,Vous~les~verriez~toûjours,Par~un~ordre~souvent,Vous~les~verriez~tousjours
scene4.txt,42,247,1,mixed_minor_and_substantive,visible,no,visible:do_not_hide;contains_substantive_component,accent_only;high_graphic_similarity:0.950;historic_graphic_key_identity;low_similarity_or_real_rewriting,accent+levenshtein_alert+spacing_or_hyphen+u_v+substantive_default,Destruire~aueuglement | Destruire~aveuglement | Détruire~aveuglement | Détruire~aveuglément | Un~frere~détruiroit,Destruire~aueuglement=[1] | Destruire~aveuglement=[5] | Détruire~aveuglement=[3] | Détruire~aveuglément=[2] | Un~frere~détruiroit=[4],,5,16,0.200,16,0.200,15,15,0.250,destruireaueuglement | detruireaueuglement | unfreredetruiroit,Destruire~aueuglement,Détruire~aveuglément,Détruire~aveuglement,Un~frere~détruiroit,Destruire~aveuglement
scene4.txt,43,253,1,mixed_minor_and_substantive,visible,no,visible:do_not_hide;contains_substantive_component,historic_graphic_key_identity;low_similarity_or_real_rewriting,apostrophe+spacing_or_hyphen+u_v+substantive_default,L’un~sur~l’autre | L’vn~sur~l’autre | Vous~les~verriez,"L’un~sur~l’autre=[2,3,5] | L’vn~sur~l’autre=[1] | Vous~les~verriez=[4]",,3,14,0.125,14,0.125,9,9,0.308,lunsurlautre | uouslesueries,L’vn~sur~l’autre,L’un~sur~l’autre,L’un~sur~l’autre,Vous~les~verriez,L’un~sur~l’autre
scene4.txt,48,283,7,substantive,visible,no,visible:do_not_hide,low_similarity_or_real_rewriting,substantive_default,durant | durent,"durant=[1,5] | durent=[2,3,4]",,2,1,0.833,1,0.833,1,1,0.833,durant | durent,durant,durent,durent,durent,durant
scene4.txt,50,295,1,substantive,visible,no,visible:do_not_hide,low_similarity_or_real_rewriting,substantive_default,Et~d’horribles | Et~par~de~grands,"Et~d’horribles=[2,3,4] | Et~par~de~grands=[1,5]",,2,12,0.250,12,0.250,9,9,0.308,etdhoribles | etpardegrands,Et~par~de~grands,Et~d’horribles,Et~d’horribles,Et~d’horribles,Et~par~de~grands
scene4.txt,56,331,1,mixed_minor_and_substantive,visible,no,visible:do_not_hide;contains_substantive_component,high_graphic_similarity:0.952;low_similarity_or_real_rewriting,levenshtein_alert+substantive_default,Et~qu’en~vous~esloignant~du | Qu’elle~asseure~à~mes~fils~le | Qu’elle~assure~à~mes~Fils~le,"Et~qu’en~vous~esloignant~du=[1,5] | Qu’elle~asseure~à~mes~fils~le=[2] | Qu’elle~assure~à~mes~Fils~le=[3,4]",,3,25,0.138,25,0.138,19,19,0.136,etquenuousesloignantdu | queleaseureamesfilsle | queleasureamesfilsle,Et~qu’en~vous~esloignant~du,Qu’elle~asseure~à~mes~fils~le,Qu’elle~assure~à~mes~Fils~le,Qu’elle~assure~à~mes~Fils~le,Et~qu’en~vous~esloignant~du
scene4.txt,57,337,-1,whole_line_variant,visible,no,visible:do_not_hide,whole_line_variant_marker_or_lacuna,whole_line_variant_marker_or_lacuna,Elle rend pour jamais vos desseins auortez. | Elle rend pour jamais vos desseins avortez. | Et va rompre le piege où vous les attendez.,"Elle rend pour jamais vos desseins auortez.=[1] | Elle rend pour jamais vos desseins avortez.=[5] | Et va rompre le piege où vous les attendez.=[2,3,4]",,3,,,,,,,,elerendpouriamaisuosdeseinsauortes | etuaromprelepiegeouuouslesatendes,Elle rend pour jamais vos desseins auortez.,Et va rompre le piege où vous les attendez.,Et va rompre le piege où vous les attendez.,Et va rompre le piege où vous les attendez.,Elle rend pour jamais vos desseins avortez.
scene4.txt,58,343,3,substantive,visible,no,visible:do_not_hide,short_token_protected,short_token_protected,leur | mes,"leur=[2,3,4] | mes=[1,5]",,2,3,0.250,3,0.250,3,3,0.250,leur | mes,mes,leur,leur,leur,mes
scene4.txt,58,343,4,substantive,visible,no,visible:do_not_hide,low_similarity_or_real_rewriting,substantive_default,enfans | trépas,"enfans=[1,5] | trépas=[2,3,4]",,2,5,0.167,5,0.167,5,5,0.167,enfans | trepas,enfans,trépas,trépas,trépas,enfans
scene4.txt,73,433,4,substantive,visible,no,visible:do_not_hide,low_similarity_or_real_rewriting,substantive_default,cache | chache,"cache=[1,2,4,5] | chache=[3]",,2,1,0.833,1,0.833,1,1,0.833,cache | chache,cache,cache,chache,cache,cache
scene4.txt,76,451,-1,whole_line_variant,visible,no,visible:do_not_hide,whole_line_variant_marker_or_lacuna,whole_line_variant_marker_or_lacuna," Je suis mere, Creon, & si j’aime son frere, |  Tant que pour ennemi le Roi n’aura qu’un Frere, |  Tant que pour ennemy le Roy n’aura qu’un Frere, |  Tant que pour ennemy le Roy n’aura qu’vn Frere,"," Je suis mere, Creon, & si j’aime son frere,=[4] |  Tant que pour ennemi le Roi n’aura qu’un Frere,=[3] |  Tant que pour ennemy le Roy n’aura qu’un Frere,=[2,5] |  Tant que pour ennemy le Roy n’aura qu’vn Frere,=[1]",,4,,,,,,,,iesuismerecreonsiiaimesonfrere | tantquepourenemileroinauraquunfrere," Tant que pour ennemy le Roy n’aura qu’vn Frere,"," Tant que pour ennemy le Roy n’aura qu’un Frere,"," Tant que pour ennemi le Roi n’aura qu’un Frere,"," Je suis mere, Creon, & si j’aime son frere,"," Tant que pour ennemy le Roy n’aura qu’un Frere,"
scene4.txt,77,457,-1,whole_line_variant,visible,no,visible:do_not_hide,whole_line_variant_marker_or_lacuna,whole_line_variant_marker_or_lacuna," La personne du Roy ne m’en est pas moins chere. |  Sa personne, Creon, me sera toûjours chere. |  Sa personne, Creon, me sera toûjours chere~;"," La personne du Roy ne m’en est pas moins chere.=[4] |  Sa personne, Creon, me sera toûjours chere.=[2,3] |  Sa personne, Creon, me sera toûjours chere~;=[1,5]",,3,,,,,,,,lapersoneduroinemenestpasmoinschere | sapersonecreonmeseratouiourschere," Sa personne, Creon, me sera toûjours chere~;"," Sa personne, Creon, me sera toûjours chere."," Sa personne, Creon, me sera toûjours chere.", La personne du Roy ne m’en est pas moins chere.," Sa personne, Creon, me sera toûjours chere~;"
scene4.txt,105,625,1,substantive,visible,no,visible:do_not_hide,low_similarity_or_real_rewriting,substantive_default,Ecoutez | Escoutez,"Ecoutez=[2,3,4] | Escoutez=[1,5]",,2,1,0.875,1,0.875,1,1,0.875,ecoutes | escoutes,Escoutez,Ecoutez,Ecoutez,Ecoutez,Escoutez
scene4.txt,124,739,3,substantive,visible,no,visible:do_not_hide,low_similarity_or_real_rewriting,substantive_default,semble | sẽble,"semble=[1,5] | sẽble=[2,3,4]",,2,2,0.667,2,0.667,1,1,0.833,seble | semble,semble,sẽble,sẽble,sẽble,semble
scene4.txt,125,745,4,substantive,visible,no,visible:do_not_hide,low_similarity_or_real_rewriting,substantive_default,retomberoient | retomberont,"retomberoient=[1,2,4,5] | retomberont=[3]",,2,2,0.846,2,0.846,2,2,0.846,retomberoient | retomberont,retomberoient,retomberoient,retomberont,retomberoient,retomberoient
scene4.txt,129,769,3,substantive,visible,no,visible:do_not_hide,short_token_protected,short_token_protected,"sçais, | sçay~;","sçais,=[1,5] | sçay~;=[2,3,4]",,2,3,0.500,3,0.500,1,1,0.800,scai | scais,"sçais,",sçay~;,sçay~;,sçay~;,"sçais,"
scene4.txt,133,793,2,substantive,visible,no,visible:do_not_hide,low_similarity_or_real_rewriting,substantive_default,espargner | épargner,"espargner=[1,5] | épargner=[2,3,4]",,2,2,0.778,2,0.778,1,1,0.889,epargner | espargner,espargner,épargner,épargner,épargner,espargner
scene4.txt,134,799,4,mixed_minor_and_substantive,visible,no,visible:do_not_hide;contains_substantive_component,historic_graphic_key_identity;low_similarity_or_real_rewriting,substantive_default+u_v,deuoirs | devoirs | respects,"deuoirs=[1] | devoirs=[2,3,5] | respects=[4]",,3,6,0.250,6,0.250,5,5,0.286,deuoirs | respecs,deuoirs,devoirs,devoirs,respects,devoirs
scene4.txt,134,799,7,substantive,visible,no,visible:do_not_hide,low_similarity_or_real_rewriting,substantive_default,"mespris, | mépris,","mespris,=[1,5] | mépris,=[2,3,4]",,2,2,0.750,2,0.750,1,1,0.857,mepris | mespris,"mespris,","mépris,","mépris,","mépris,","mespris,"
scene4.txt,136,811,-1,whole_line_variant,visible,no,visible:do_not_hide,whole_line_variant_marker_or_lacuna,whole_line_variant_marker_or_lacuna," Le Roy m’appelle ailleurs, il faut que j’obeïsse, |  Vous sçauez que le Roy m’appelle à son service, |  Vous sçavez que le Roy m’appelle à son service,"," Le Roy m’appelle ailleurs, il faut que j’obeïsse,=[2,3,4] |  Vous sçauez que le Roy m’appelle à son service,=[1] |  Vous sçavez que le Roy m’appelle à son service,=[5]",,3,,,,,,,,leroimapeleaileursilfautqueiobeise | uouscauezqueleroimapeleasonseruice," Vous sçauez que le Roy m’appelle à son service,"," Le Roy m’appelle ailleurs, il faut que j’obeïsse,"," Le Roy m’appelle ailleurs, il faut que j’obeïsse,"," Le Roy m’appelle ailleurs, il faut que j’obeïsse,"," Vous sçavez que le Roy m’appelle à son service,"
scene4.txt,139,829,4,substantive,visible,no,visible:do_not_hide,low_similarity_or_real_rewriting,substantive_default,"meschant, | méchant,","meschant,=[1,5] | méchant,=[2,3,4]",,2,2,0.778,2,0.778,1,1,0.875,mechant | meschant,"meschant,","méchant,","méchant,","méchant,","meschant,"
scene5.txt,4,19,-1,whole_line_variant,visible,no,visible:do_not_hide,whole_line_variant_marker_or_lacuna,whole_line_variant_marker_or_lacuna," AInsi donc vous fuyez un Amant odieux, |  AInsi donc vous fuyés un Amant odieux, |  ET vous mourez ainsi, beau sujet de mes feux,"," AInsi donc vous fuyez un Amant odieux,=[2,4] |  AInsi donc vous fuyés un Amant odieux,=[3] |  ET vous mourez ainsi, beau sujet de mes feux,=[1,5]",,3,,,,,,,,ainsidoncuousfuiesunamantodieus | ainsidoncuousfuiezunamantodieus | etuousmourezainsibeausuietdemesfeus," ET vous mourez ainsi, beau sujet de mes feux,"," AInsi donc vous fuyez un Amant odieux,"," AInsi donc vous fuyés un Amant odieux,"," AInsi donc vous fuyez un Amant odieux,"," ET vous mourez ainsi, beau sujet de mes feux,"
scene5.txt,5,25,5,mixed_minor_and_substantive,visible,no,visible:do_not_hide;contains_substantive_component,historic_graphic_key_identity;low_similarity_or_real_rewriting,accent+final_zx_s+substantive_default,esteignez | éteignez | éteignés,"esteignez=[1,2,5] | éteignez=[4] | éteignés=[3]",,3,4,0.556,4,0.556,1,1,0.889,esteignes | eteignes,esteignez,esteignez,éteignés,éteignez,esteignez
scene5.txt,8,43,3,mixed_minor_and_substantive,visible,no,visible:do_not_hide;contains_substantive_component,accent_only;short_token_protected,accent+short_token_protected,fust | fut | fût,"fust=[2,3] | fut=[1,5] | fût=[4]",,3,2,0.500,2,0.500,1,1,0.750,fust | fut,fut,fust,fust,fût,fut
scene5.txt,11,61,6,substantive,visible,no,visible:do_not_hide,low_similarity_or_real_rewriting,substantive_default,fust~elle | fût~elle,"fust~elle=[1,2,3,5] | fût~elle=[4]",,2,2,0.778,2,0.778,1,1,0.857,fustele | futele,fust~elle,fust~elle,fust~elle,fût~elle,fust~elle
scene5.txt,15,85,4,substantive,visible,no,visible:do_not_hide,low_similarity_or_real_rewriting,substantive_default,souspirs | soûpirs,"souspirs=[1,2,5] | soûpirs=[3,4]",,2,2,0.750,2,0.750,1,1,0.875,soupirs | souspirs,souspirs,souspirs,soûpirs,soûpirs,souspirs
scene5.txt,28,163,7,mixed_minor_and_substantive,visible,no,visible:do_not_hide;contains_substantive_component,low_similarity_or_real_rewriting;punctuation_only,punctuation_only+substantive_default,déceûs | déceûs. | déçûs.,"déceûs=[2] | déceûs.=[1,5] | déçûs.=[3,4]",,3,3,0.500,3,0.500,1,1,0.833,deceus | decus,déceûs.,déceûs,déçûs.,déçûs.,déceûs.
scene5.txt,31,181,2,substantive,visible,no,visible:do_not_hide,low_similarity_or_real_rewriting,substantive_default,Trosne | Trône,"Trosne=[1,2,5] | Trône=[3,4]",,2,2,0.667,2,0.667,1,1,0.833,trone | trosne,Trosne,Trosne,Trône,Trône,Trosne
scene5.txt,33,193,-1,whole_line_variant,visible,no,visible:do_not_hide,whole_line_variant_marker_or_lacuna,whole_line_variant_marker_or_lacuna," Accordez-le à mes vœux, accordez-le à mes crimes, |  Ne le refusez pas à mes vœux, à mes crimes. |  Ne le refusés pas à mes vœux, à mes crimes."," Accordez-le à mes vœux, accordez-le à mes crimes,=[1,5] |  Ne le refusez pas à mes vœux, à mes crimes.=[2,4] |  Ne le refusés pas à mes vœux, à mes crimes.=[3]",,3,,,,,,,,acordezleamesuoeuxacordezleamescrimes | nelerefusespasamesuoeuxamescrimes | nelerefusezpasamesuoeuxamescrimes," Accordez-le à mes vœux, accordez-le à mes crimes,"," Ne le refusez pas à mes vœux, à mes crimes."," Ne le refusés pas à mes vœux, à mes crimes."," Ne le refusez pas à mes vœux, à mes crimes."," Accordez-le à mes vœux, accordez-le à mes crimes,"
scene5.txt,34,199,1,mixed_minor_and_substantive,visible,no,visible:do_not_hide;contains_substantive_component,historic_graphic_key_identity;low_similarity_or_real_rewriting,accent+final_zx_s+i_j+substantive_default,Ajoustez | Ajoûtez | Ajoûtés,"Ajoustez=[1,2,5] | Ajoûtez=[4] | Ajoûtés=[3]",,3,4,0.500,4,0.500,1,1,0.875,aioustes | aioutes,Ajoustez,Ajoustez,Ajoûtés,Ajoûtez,Ajoustez
scene5.txt,38,223,9,substantive,visible,no,visible:do_not_hide,low_similarity_or_real_rewriting,substantive_default,"Trosne, | Trône,","Trosne,=[1,2,5] | Trône,=[3,4]",,2,2,0.714,2,0.714,1,1,0.833,trone | trosne,"Trosne,","Trosne,","Trône,","Trône,","Trosne,"
scene6.txt,8,43,2,substantive,visible,no,visible:do_not_hide,low_similarity_or_real_rewriting,substantive_default,regret | regrets,"regret=[2,3,4] | regrets=[1,5]",,2,1,0.857,1,0.857,1,1,0.833,regres | regret,regrets,regret,regret,regret,regrets
scene6.txt,22,127,6,substantive,visible,no,visible:do_not_hide,short_token_protected,short_token_protected,m’eust | m’eût,"m’eust=[1,2,5] | m’eût=[3,4]",,2,2,0.667,2,0.667,1,1,0.800,meust | meut,m’eust,m’eust,m’eût,m’eût,m’eust
scene7.txt,10,55,3,substantive,visible,no,visible:do_not_hide,low_similarity_or_real_rewriting,substantive_default,Trosne | Trône,"Trosne=[1,2,5] | Trône=[3,4]",,2,2,0.667,2,0.667,1,1,0.833,trone | trosne,Trosne,Trosne,Trône,Trône,Trosne
scene7.txt,11,61,9,substantive,visible,no,visible:do_not_hide,low_similarity_or_real_rewriting,substantive_default,"Trosne, | Trône,","Trosne,=[1,2,5] | Trône,=[3,4]",,2,2,0.714,2,0.714,1,1,0.833,trone | trosne,"Trosne,","Trosne,","Trône,","Trône,","Trosne,"
scene7.txt,18,103,8,substantive,visible,no,visible:do_not_hide,low_similarity_or_real_rewriting,substantive_default,trosne | trône,"trosne=[1,2,5] | trône=[3,4]",,2,2,0.667,2,0.667,1,1,0.833,trone | trosne,trosne,trosne,trône,trône,trosne
scene7.txt,34,199,3,substantive,visible,no,visible:do_not_hide,low_similarity_or_real_rewriting,substantive_default,Trosne | Trône,"Trosne=[1,2,5] | Trône=[3,4]",,2,2,0.667,2,0.667,1,1,0.833,trone | trosne,Trosne,Trosne,Trône,Trône,Trosne
scene7.txt,36,211,8,substantive,visible,no,visible:do_not_hide,low_similarity_or_real_rewriting,substantive_default,"precieux, | pretieux,","precieux,=[4] | pretieux,=[1,2,3,5]",,2,1,0.889,1,0.889,1,1,0.875,precieus | pretieus,"pretieux,","pretieux,","pretieux,","precieux,","pretieux,"
scene7.txt,39,229,3,substantive,visible,no,visible:do_not_hide,short_token_protected,short_token_protected,eust | eut,"eust=[1,5] | eut=[2,3,4]",,2,1,0.750,1,0.750,1,1,0.750,eust | eut,eust,eut,eut,eut,eust
scene7.txt,47,277,9,substantive,visible,no,visible:do_not_hide,low_similarity_or_real_rewriting,substantive_default,Trosne~; | Trône~;,"Trosne~;=[1,2,5] | Trône~;=[3,4]",,2,2,0.750,2,0.750,1,1,0.833,trone | trosne,Trosne~;,Trosne~;,Trône~;,Trône~;,Trosne~;
scene7.txt,50,295,5,substantive,visible,no,visible:do_not_hide,low_similarity_or_real_rewriting,substantive_default,Trosne | Trône,"Trosne=[1,2,5] | Trône=[3,4]",,2,2,0.667,2,0.667,1,1,0.833,trone | trosne,Trosne,Trosne,Trône,Trône,Trosne
scene7.txt,53,313,1,mixed_minor_and_substantive,visible,no,visible:do_not_hide;contains_substantive_component,punctuation_only;short_token_protected,punctuation_only+short_token_protected,"Dieux, | Dieux~! | Dieu~!","Dieux,=[1,5] | Dieux~!=[3,4] | Dieu~!=[2]",,3,2,0.667,2,0.667,1,1,0.800,dieu | dieus,"Dieux,",Dieu~!,Dieux~!,Dieux~!,"Dieux,"
scene8.txt,4,19,7,substantive,visible,no,visible:do_not_hide,short_token_protected,short_token_protected,veû | vû,"veû=[1,2,5] | vû=[3,4]",,2,1,0.667,1,0.667,1,1,0.667,ueu | uu,veû,veû,vû,vû,veû
scene8.txt,7,37,5,substantive,visible,no,visible:do_not_hide,low_similarity_or_real_rewriting,substantive_default,rempars | reparts,"rempars=[1,2,3,5] | reparts=[4]",,2,2,0.714,2,0.714,1,1,0.857,rempars | repars,rempars,rempars,rempars,reparts,rempars
scene8.txt,17,97,5,mixed_minor_and_substantive,visible,no,visible:do_not_hide;contains_substantive_component,historic_graphic_key_identity;low_similarity_or_real_rewriting,accent+i_j+narrow_historic_lexical+substantive_default,tousiouts | tousjours | toûjours,"tousiouts=[1] | tousjours=[5] | toûjours=[2,3,4]",,3,4,0.556,4,0.556,2,2,0.750,touiours | tousious,tousiouts,toûjours,toûjours,toûjours,tousjours
scene8.txt,24,139,2,substantive,visible,no,visible:do_not_hide,low_similarity_or_real_rewriting,substantive_default,Trosne | Trône,"Trosne=[1,2,5] | Trône=[3,4]",,2,2,0.667,2,0.667,1,1,0.833,trone | trosne,Trosne,Trosne,Trône,Trône,Trosne
scene8.txt,32,187,-1,whole_line_variant,visible,no,visible:do_not_hide,whole_line_variant_marker_or_lacuna,whole_line_variant_marker_or_lacuna," (lacune) |  Quand on est au tombeau tous nos tourmens s’appaisent,"," (lacune)=[2,3,4] |  Quand on est au tombeau tous nos tourmens s’appaisent,=[1,5]",,2,,,,,,,,lacune | quandonestautombeautousnostourmensapaisent," Quand on est au tombeau tous nos tourmens s’appaisent,", (lacune), (lacune), (lacune)," Quand on est au tombeau tous nos tourmens s’appaisent,"
scene8.txt,33,193,-1,whole_line_variant,visible,no,visible:do_not_hide,whole_line_variant_marker_or_lacuna,whole_line_variant_marker_or_lacuna," (lacune) |  Quand on est furieux tous nos crimes nous plaisent,"," (lacune)=[2,3,4] |  Quand on est furieux tous nos crimes nous plaisent,=[1,5]",,2,,,,,,,,lacune | quandonestfurieuxtousnoscrimesnousplaisent," Quand on est furieux tous nos crimes nous plaisent,", (lacune), (lacune), (lacune)," Quand on est furieux tous nos crimes nous plaisent,"
scene8.txt,34,199,-1,whole_line_variant,visible,no,visible:do_not_hide,whole_line_variant_marker_or_lacuna,whole_line_variant_marker_or_lacuna," (lacune) |  Des plus cruels mal-heurs le trépas vient à bout,"," (lacune)=[2,3,4] |  Des plus cruels mal-heurs le trépas vient à bout,=[1,5]",,2,,,,,,,,despluscruelsmalheursletrepasuientabout | lacune," Des plus cruels mal-heurs le trépas vient à bout,", (lacune), (lacune), (lacune)," Des plus cruels mal-heurs le trépas vient à bout,"
scene8.txt,35,205,-1,whole_line_variant,visible,no,visible:do_not_hide,whole_line_variant_marker_or_lacuna,whole_line_variant_marker_or_lacuna," (lacune) |  La fureur ne sent rien, mais la douleur sent tout."," (lacune)=[2,3,4] |  La fureur ne sent rien, mais la douleur sent tout.=[1,5]",,2,,,,,,,,lacune | lafureurnesentrienmaisladouleursentout," La fureur ne sent rien, mais la douleur sent tout.", (lacune), (lacune), (lacune)," La fureur ne sent rien, mais la douleur sent tout."
scene8.txt,36,211,-1,whole_line_variant,visible,no,visible:do_not_hide,whole_line_variant_marker_or_lacuna,whole_line_variant_marker_or_lacuna, (lacune) |  Cette viue douleur dont ie suis la victime |  Cette vive douleur dont je suis la victime," (lacune)=[2,3,4] |  Cette viue douleur dont ie suis la victime=[1] |  Cette vive douleur dont je suis la victime=[5]",,3,,,,,,,,ceteuiuedouleurdontiesuislauictime | lacune, Cette viue douleur dont ie suis la victime, (lacune), (lacune), (lacune), Cette vive douleur dont je suis la victime
scene8.txt,37,217,-1,whole_line_variant,visible,no,visible:do_not_hide,whole_line_variant_marker_or_lacuna,whole_line_variant_marker_or_lacuna," (lacune) |  Ressent la mort de l’un, & de l’autre le crime, |  Ressent la mort de l’vn, & de l’autre le crime,"," (lacune)=[2,3,4] |  Ressent la mort de l’un, & de l’autre le crime,=[5] |  Ressent la mort de l’vn, & de l’autre le crime,=[1]",,3,,,,,,,,lacune | resentlamortdelundelautrelecrime," Ressent la mort de l’vn, & de l’autre le crime,", (lacune), (lacune), (lacune)," Ressent la mort de l’un, & de l’autre le crime,"
scene8.txt,38,223,-1,whole_line_variant,visible,no,visible:do_not_hide,whole_line_variant_marker_or_lacuna,whole_line_variant_marker_or_lacuna," (lacune) |  Le sort de tous les deux me deschire le cœur,"," (lacune)=[2,3,4] |  Le sort de tous les deux me deschire le cœur,=[1,5]",,2,,,,,,,,lacune | lesortdetouslesdeuxmedeschirelecoeur," Le sort de tous les deux me deschire le cœur,", (lacune), (lacune), (lacune)," Le sort de tous les deux me deschire le cœur,"
scene8.txt,39,229,-1,whole_line_variant,visible,no,visible:do_not_hide,whole_line_variant_marker_or_lacuna,whole_line_variant_marker_or_lacuna," (lacune) |  Et plaignant le vaincu, je pleure le Vainqueur."," (lacune)=[2,3,4] |  Et plaignant le vaincu, je pleure le Vainqueur.=[1,5]",,2,,,,,,,,etplaignantleuaincuiepleureleuainqueur | lacune," Et plaignant le vaincu, je pleure le Vainqueur.", (lacune), (lacune), (lacune)," Et plaignant le vaincu, je pleure le Vainqueur."
scene8.txt,40,235,-1,whole_line_variant,visible,no,visible:do_not_hide,whole_line_variant_marker_or_lacuna,whole_line_variant_marker_or_lacuna, (lacune) |  A ce cruel Vainqueur quel acüeil dois-je faire~?," (lacune)=[2,3,4] |  A ce cruel Vainqueur quel acüeil dois-je faire~?=[1,5]",,2,,,,,,,,acecrueluainqueurquelacueildoisiefaire | lacune, A ce cruel Vainqueur quel acüeil dois-je faire~?, (lacune), (lacune), (lacune), A ce cruel Vainqueur quel acüeil dois-je faire~?
scene8.txt,41,241,-1,whole_line_variant,visible,no,visible:do_not_hide,whole_line_variant_marker_or_lacuna,whole_line_variant_marker_or_lacuna," (lacune) |  S’il est mon Frere, Olympe, il a tué mon Frere,"," (lacune)=[2,3,4] |  S’il est mon Frere, Olympe, il a tué mon Frere,=[1,5]",,2,,,,,,,,lacune | silestmonfrereolimpeilatuemonfrere," S’il est mon Frere, Olympe, il a tué mon Frere,", (lacune), (lacune), (lacune)," S’il est mon Frere, Olympe, il a tué mon Frere,"
scene8.txt,42,247,-1,whole_line_variant,visible,no,visible:do_not_hide,whole_line_variant_marker_or_lacuna,whole_line_variant_marker_or_lacuna," (lacune) |  La nature est confuse & se taist aujourd’huy,"," (lacune)=[2,3,4] |  La nature est confuse & se taist aujourd’huy,=[1,5]",,2,,,,,,,,lacune | lanatureestconfusesetaistauiourdhui," La nature est confuse & se taist aujourd’huy,", (lacune), (lacune), (lacune)," La nature est confuse & se taist aujourd’huy,"
scene8.txt,43,253,-1,whole_line_variant,visible,no,visible:do_not_hide,whole_line_variant_marker_or_lacuna,whole_line_variant_marker_or_lacuna," (lacune) |  Elle n’ose parler pour luy, ny contre luy."," (lacune)=[2,3,4] |  Elle n’ose parler pour luy, ny contre luy.=[1,5]",,2,,,,,,,,elenoseparlerpourluinicontrelui | lacune," Elle n’ose parler pour luy, ny contre luy.", (lacune), (lacune), (lacune)," Elle n’ose parler pour luy, ny contre luy."
scene8.txt,48,283,6,minor_mixed,inspect,no,inspect:do_not_hide_yet,high_graphic_similarity:0.900,levenshtein_alert,touchoient | touchoiet,"touchoient=[1,2,3,5] | touchoiet=[4]",,2,1,0.900,1,0.900,1,1,0.900,touchoient | touchoiet,touchoient,touchoient,touchoient,touchoiet,touchoient
scene8.txt,52,307,-1,whole_line_variant,visible,no,visible:do_not_hide,whole_line_variant_marker_or_lacuna,whole_line_variant_marker_or_lacuna," Et ce qui le rendoit agreable à mes yeux, |  Et ce qui lui donnoit tant de part dans mes vœux, |  Et ce qui luy donnoit tant de part dans mes vœux,"," Et ce qui le rendoit agreable à mes yeux,=[1,5] |  Et ce qui lui donnoit tant de part dans mes vœux,=[2,3] |  Et ce qui luy donnoit tant de part dans mes vœux,=[4]",,3,,,,,,,,etcequilerendoitagreableamesieus | etcequiluidonoitantdepartdansmesuoeus," Et ce qui le rendoit agreable à mes yeux,"," Et ce qui lui donnoit tant de part dans mes vœux,"," Et ce qui lui donnoit tant de part dans mes vœux,"," Et ce qui luy donnoit tant de part dans mes vœux,"," Et ce qui le rendoit agreable à mes yeux,"
scene8.txt,63,373,6,substantive,visible,no,visible:do_not_hide,low_similarity_or_real_rewriting,substantive_default,l’auteur | l’autheur,"l’auteur=[3,4] | l’autheur=[1,2,5]",,2,1,0.889,1,0.889,1,1,0.875,lauteur | lautheur,l’autheur,l’autheur,l’auteur,l’auteur,l’autheur
scene9.txt,9,49,7,substantive,visible,no,visible:do_not_hide,low_similarity_or_real_rewriting,substantive_default,estrange | étrange,"estrange=[1,5] | étrange=[2,3,4]",,2,2,0.750,2,0.750,1,1,0.875,estrange | etrange,estrange,étrange,étrange,étrange,estrange
scene9.txt,10,55,5,substantive,visible,no,visible:do_not_hide,low_similarity_or_real_rewriting,substantive_default,esteint | éteint,"esteint=[1,5] | éteint=[2,3,4]",,2,2,0.714,2,0.714,1,1,0.857,esteint | eteint,esteint,éteint,éteint,éteint,esteint
scene9.txt,25,145,7,substantive,visible,no,visible:do_not_hide,short_token_protected,short_token_protected,leur | leurs,"leur=[1] | leurs=[2,3,4,5]",,2,1,0.800,1,0.800,1,1,0.800,leur | leurs,leur,leurs,leurs,leurs,leurs
scene9.txt,36,211,7,mixed_minor_and_substantive,visible,no,visible:do_not_hide;contains_substantive_component,low_similarity_or_real_rewriting;spacing_or_hyphen_only,spacing_or_hyphen_only+substantive_default,que~me-veut | que~me~veut | que~veut,"que~me-veut=[1] | que~me~veut=[5] | que~veut=[2,3,4]",,3,3,0.727,3,0.727,2,2,0.778,quemeueut | queueut,que~me-veut,que~veut,que~veut,que~veut,que~me~veut
scene9.txt,41,241,2,mixed_minor_and_substantive,visible,no,visible:do_not_hide;contains_substantive_component,accent_only;short_token_protected,accent+short_token_protected,sceu | sceû | scû,"sceu=[2] | sceû=[1,5] | scû=[3,4]",,3,2,0.500,2,0.500,1,1,0.750,sceu | scu,sceû,sceu,scû,scû,sceû
scene9.txt,45,265,3,substantive,visible,no,visible:do_not_hide,low_similarity_or_real_rewriting,substantive_default,encor | encore,"encor=[2,3,4] | encore=[1,5]",,2,1,0.833,1,0.833,1,1,0.833,encor | encore,encore,encor,encor,encor,encore
scene9.txt,51,301,3,substantive,visible,no,visible:do_not_hide,short_token_protected,short_token_protected,"veu, | vû,","veu,=[1,2,5] | vû,=[3,4]",,2,2,0.500,2,0.500,1,1,0.667,ueu | uu,"veu,","veu,","vû,","vû,","veu,"
scene9.txt,53,313,3,substantive,visible,no,visible:do_not_hide,low_similarity_or_real_rewriting,substantive_default,ardeur | égale,"ardeur=[2,3,4] | égale=[1,5]",,2,6,0.000,6,0.000,6,6,0.000,ardeur | egale,égale,ardeur,ardeur,ardeur,égale
scene9.txt,53,313,4,substantive,visible,no,visible:do_not_hide,low_similarity_or_real_rewriting,substantive_default,ardeur | égale,"ardeur=[1,5] | égale=[2,3,4]",,2,6,0.000,6,0.000,6,6,0.000,ardeur | egale,ardeur,égale,égale,égale,ardeur
scene9.txt,53,313,5,substantive,visible,no,visible:do_not_hide,low_similarity_or_real_rewriting,substantive_default,"ils~fuyoient~de~ces~lieux, | ils~y~couroient~tous~deux,","ils~fuyoient~de~ces~lieux,=[2,3,4] | ils~y~couroient~tous~deux,=[1,5]",,2,12,0.538,12,0.538,10,10,0.524,ilsfuioientdeceslieus | ilsicouroientousdeus,"ils~y~couroient~tous~deux,","ils~fuyoient~de~ces~lieux,","ils~fuyoient~de~ces~lieux,","ils~fuyoient~de~ces~lieux,","ils~y~couroient~tous~deux,"
scene9.txt,63,373,3,substantive,visible,no,visible:do_not_hide,low_similarity_or_real_rewriting,substantive_default,"menassant, | menaçant,","menassant,=[1,2,3,5] | menaçant,=[4]",,2,2,0.800,2,0.800,1,1,0.875,menacant | menasant,"menassant,","menassant,","menassant,","menaçant,","menassant,"
scene9.txt,65,385,6,substantive,visible,no,visible:do_not_hide,short_token_protected,short_token_protected,leur | leurs,"leur=[1,2,3,5] | leurs=[4]",,2,1,0.800,1,0.800,1,1,0.800,leur | leurs,leur,leur,leur,leurs,leur
scene9.txt,69,409,7,substantive,visible,no,visible:do_not_hide,low_similarity_or_real_rewriting,substantive_default,mesprise | méprise,"mesprise=[1,5] | méprise=[2,3,4]",,2,2,0.750,2,0.750,1,1,0.875,meprise | mesprise,mesprise,méprise,méprise,méprise,mesprise
scene9.txt,70,415,6,substantive,visible,no,visible:do_not_hide,low_similarity_or_real_rewriting,substantive_default,arrestoient | retenoient,"arrestoient=[4] | retenoient=[1,2,3,5]",,2,5,0.545,5,0.545,4,4,0.600,arestoient | retenoient,retenoient,retenoient,retenoient,arrestoient,retenoient
scene9.txt,76,451,6,substantive,visible,no,visible:do_not_hide,low_similarity_or_real_rewriting,substantive_default,destourne | détourne,"destourne=[1,5] | détourne=[2,3,4]",,2,2,0.778,2,0.778,1,1,0.889,destourne | detourne,destourne,détourne,détourne,détourne,destourne
scene9.txt,100,595,7,substantive,visible,no,visible:do_not_hide,low_similarity_or_real_rewriting,substantive_default,tesmoigne | témoigne,"tesmoigne=[1,5] | témoigne=[2,3,4]",,2,2,0.778,2,0.778,1,1,0.889,temoigne | tesmoigne,tesmoigne,témoigne,témoigne,témoigne,tesmoigne
scene9.txt,107,637,4,substantive,visible,no,visible:do_not_hide,low_similarity_or_real_rewriting,substantive_default,encor | encore,"encor=[4] | encore=[1,2,3,5]",,2,1,0.833,1,0.833,1,1,0.833,encor | encore,encore,encore,encore,encor,encore
scene9.txt,116,691,8,substantive,visible,no,visible:do_not_hide,low_similarity_or_real_rewriting,substantive_default,soupirs. | souspirs.,"soupirs.=[3,4] | souspirs.=[1,2,5]",,2,1,0.889,1,0.889,1,1,0.875,soupirs | souspirs,souspirs.,souspirs.,soupirs.,soupirs.,souspirs.
scene9.txt,133,793,2,substantive,visible,no,visible:do_not_hide,short_token_protected,short_token_protected,plust | plût,"plust=[1,2,5] | plût=[3,4]",,2,2,0.600,2,0.600,1,1,0.800,plust | plut,plust,plust,plût,plût,plust
scene9.txt,133,793,8,substantive,visible,no,visible:do_not_hide,low_similarity_or_real_rewriting,substantive_default,restast | restât,"restast=[1,2,5] | restât=[3,4]",,2,2,0.714,2,0.714,1,1,0.857,restast | restat,restast,restast,restât,restât,restast
scene9.txt,135,805,1,substantive,visible,no,visible:do_not_hide,short_token_protected,short_token_protected,Eust | Eût,"Eust=[1,2,5] | Eût=[3,4]",,2,2,0.500,2,0.500,1,1,0.750,eust | eut,Eust,Eust,Eût,Eût,Eust
scene9.txt,144,859,3,substantive,visible,no,visible:do_not_hide,low_similarity_or_real_rewriting,substantive_default,Trosne | Trône,"Trosne=[1,2,5] | Trône=[3,4]",,2,2,0.667,2,0.667,1,1,0.833,trone | trosne,Trosne,Trosne,Trône,Trône,Trosne
scene9.txt,146,871,3,substantive,visible,no,visible:do_not_hide,low_similarity_or_real_rewriting,substantive_default,contraignez | craignés,"contraignez=[1,2,4,5] | craignés=[3]",,2,5,0.545,5,0.545,3,3,0.727,contraignes | craignes,contraignez,contraignez,craignés,contraignez,contraignez
scene9.txt,148,883,2,mixed_minor_and_substantive,visible,no,visible:do_not_hide;contains_substantive_component,historic_graphic_key_identity;low_similarity_or_real_rewriting,accent+final_zx_s+u_v+substantive_default,treuverez | trouverez | trouverés,"treuverez=[1,5] | trouverez=[2,4] | trouverés=[3]",,3,3,0.667,3,0.667,1,1,0.889,treuueres | trouueres,treuverez,trouverez,trouverés,trouverez,treuverez
scene9.txt,149,889,2,substantive,visible,no,visible:do_not_hide,low_similarity_or_real_rewriting,substantive_default,Trosne | Trône,"Trosne=[1,2,5] | Trône=[3,4]",,2,2,0.667,2,0.667,1,1,0.833,trone | trosne,Trosne,Trosne,Trône,Trône,Trosne
scene9.txt,150,895,1,mixed_minor_and_substantive,visible,no,visible:do_not_hide;contains_substantive_component,historic_graphic_key_identity;low_similarity_or_real_rewriting,accent+final_zx_s+substantive_default,Goustez | Goûtez | Goûtés,"Goustez=[1,2,5] | Goûtez=[4] | Goûtés=[3]",,3,4,0.429,4,0.429,1,1,0.857,goustes | goutes,Goustez,Goustez,Goûtés,Goûtez,Goustez
scene9.txt,151,901,9,mixed_minor_and_substantive,visible,no,visible:do_not_hide;contains_substantive_component,accent_only;low_similarity_or_real_rewriting;punctuation_only,accent+punctuation_only+substantive_default,"gesner, | gesner. | géner. | gêner.","gesner,=[1,5] | gesner.=[2] | géner.=[3] | gêner.=[4]",,4,3,0.571,3,0.571,1,1,0.833,gener | gesner,"gesner,",gesner.,géner.,gêner.,"gesner,"
scene9.txt,154,919,8,substantive,visible,no,visible:do_not_hide,low_similarity_or_real_rewriting,substantive_default,"Trosne, | Trône,","Trosne,=[1,2,5] | Trône,=[3,4]",,2,2,0.714,2,0.714,1,1,0.833,trone | trosne,"Trosne,","Trosne,","Trône,","Trône,","Trosne,"
scene9.txt,160,955,6,mixed_minor_and_substantive,visible,no,visible:do_not_hide;contains_substantive_component,historic_graphic_key_identity;short_token_protected,accent+final_zx_s+punctuation_removed_for_graphic_key+short_token_protected,pieds. | piez. | piés.,"pieds.=[1,5] | piez.=[2] | piés.=[3,4]",,3,2,0.600,2,0.600,1,1,0.800,pieds | pies,pieds.,piez.,piés.,piés.,pieds.
